timeStamp,elapsed,label,responseCode,responseMessage,threadName,dataType,success,failureMessage,bytes,sentBytes,grpThreads,allThreads,URL,Latency,IdleTime,Connect
1673704024664,143,/get_method,200,OK,Group_31 1-1,text,true,,169,151,3,3,http://162.55.220.72:5005/get_method?name=Alona&age=32,143,0,78
1673704024733,125,/get_method,200,OK,Group_31 1-2,text,true,,169,151,4,4,http://162.55.220.72:5005/get_method?name=Alona&age=32,124,0,60
1673704024779,125,/get_method,200,OK,Group_31 1-3,text,true,,169,151,4,4,http://162.55.220.72:5005/get_method?name=Alona&age=32,124,0,61
1673704024811,125,/user_info_2,200,OK,Group_31 1-1,text,true,,464,248,5,5,http://162.55.220.72:5005/user_info_2,124,0,62
1673704024843,136,/get_method,200,OK,Group_31 1-4,text,true,,169,151,6,6,http://162.55.220.72:5005/get_method?name=Alona&age=32,135,0,71
1673704024860,128,/user_info_2,200,OK,Group_31 1-2,text,true,,464,248,6,6,http://162.55.220.72:5005/user_info_2,128,0,64
1673704024904,127,/user_info_2,200,OK,Group_31 1-3,text,true,,464,248,7,7,http://162.55.220.72:5005/user_info_2,127,0,62
1673704024907,128,/get_method,200,OK,Group_31 1-5,text,true,,169,151,7,7,http://162.55.220.72:5005/get_method?name=Alona&age=32,128,0,64
1673704024936,128,/user_info_3,200,OK,Group_31 1-1,text,true,,370,248,7,7,http://162.55.220.72:5005/user_info_3,128,0,62
1673704024970,129,/get_method,200,OK,Group_31 1-6,text,true,,169,151,8,8,http://162.55.220.72:5005/get_method?name=Alona&age=32,129,0,65
1673704024979,129,/user_info_2,200,OK,Group_31 1-4,text,true,,464,248,8,8,http://162.55.220.72:5005/user_info_2,129,0,64
1673704024990,128,/user_info_3,200,OK,Group_31 1-2,text,true,,370,248,8,8,http://162.55.220.72:5005/user_info_3,128,0,63
1673704025032,133,/get_method,200,OK,Group_31 1-7,text,true,,169,151,9,9,http://162.55.220.72:5005/get_method?name=Alona&age=32,133,0,62
1673704025032,133,/user_info_3,200,OK,Group_31 1-3,text,true,,370,248,9,9,http://162.55.220.72:5005/user_info_3,133,0,63
1673704025036,130,/user_info_2,200,OK,Group_31 1-5,text,true,,464,248,9,9,http://162.55.220.72:5005/user_info_2,130,0,66
1673704025065,133,/object_info_1,200,OK,Group_31 1-1,text,true,,230,164,9,9,http://162.55.220.72:5005/object_info_1?name=Alona&age=32&weight=60,133,0,64
1673704025095,126,/get_method,200,OK,Group_31 1-8,text,true,,169,151,10,10,http://162.55.220.72:5005/get_method?name=Alona&age=32,126,0,62
1673704025100,125,/user_info_2,200,OK,Group_31 1-6,text,true,,464,248,10,10,http://162.55.220.72:5005/user_info_2,125,0,61
1673704025109,137,/user_info_3,200,OK,Group_31 1-4,text,true,,370,248,10,10,http://162.55.220.72:5005/user_info_3,137,0,75
1673704025120,130,/object_info_1,200,OK,Group_31 1-2,text,true,,230,164,10,10,http://162.55.220.72:5005/object_info_1?name=Alona&age=32&weight=60,129,0,64
1673704025159,126,/get_method,200,OK,Group_31 1-9,text,true,,169,151,11,11,http://162.55.220.72:5005/get_method?name=Alona&age=32,126,0,62
1673704025167,137,/user_info_3,200,OK,Group_31 1-5,text,true,,370,248,11,11,http://162.55.220.72:5005/user_info_3,136,0,65
1673704025166,138,/user_info_2,200,OK,Group_31 1-7,text,true,,464,248,11,11,http://162.55.220.72:5005/user_info_2,137,0,66
1673704025166,138,/object_info_1,200,OK,Group_31 1-3,text,true,,230,164,11,11,http://162.55.220.72:5005/object_info_1?name=Alona&age=32&weight=60,137,0,66
1673704025199,127,/object_info_2,200,OK,Group_31 1-1,text,true,,464,166,11,11,http://162.55.220.72:5005/object_info_2?name=Alona&age=32&salary=1000,127,0,63
1673704025204,130,/get_method,200,OK,Group_31 1-10,text,true,,169,151,12,12,http://162.55.220.72:5005/get_method?name=Alona&age=32,129,0,63
1673704025222,128,/user_info_2,200,OK,Group_31 1-8,text,true,,464,248,12,12,http://162.55.220.72:5005/user_info_2,128,0,62
1673704025226,129,/user_info_3,200,OK,Group_31 1-6,text,true,,370,248,12,12,http://162.55.220.72:5005/user_info_3,128,0,65
1673704025247,125,/object_info_1,200,OK,Group_31 1-4,text,true,,230,164,12,12,http://162.55.220.72:5005/object_info_1?name=Alona&age=32&weight=60,125,0,62
1673704025251,127,/object_info_2,200,OK,Group_31 1-2,text,true,,464,166,12,12,http://162.55.220.72:5005/object_info_2?name=Alona&age=32&salary=1000,127,0,63
1673704025266,134,/get_method,200,OK,Group_31 1-11,text,true,,169,151,13,13,http://162.55.220.72:5005/get_method?name=Alona&age=32,134,0,65
1673704025286,128,/user_info_2,200,OK,Group_31 1-9,text,true,,464,248,13,13,http://162.55.220.72:5005/user_info_2,127,0,62
1673704025304,133,/user_info_3,200,OK,Group_31 1-7,text,true,,370,248,13,13,http://162.55.220.72:5005/user_info_3,132,0,62
1673704025304,134,/object_info_2,200,OK,Group_31 1-3,text,true,,464,166,14,14,http://162.55.220.72:5005/object_info_2?name=Alona&age=32&salary=1000,134,0,61
1673704025304,134,/object_info_1,200,OK,Group_31 1-5,text,true,,230,164,14,14,http://162.55.220.72:5005/object_info_1?name=Alona&age=32&weight=60,134,0,63
1673704025326,123,/object_info_3,200,OK,Group_31 1-1,text,true,,525,166,14,14,http://162.55.220.72:5005/object_info_3?name=Alona&age=32&salary=1000,123,0,61
1673704025330,135,/get_method,200,OK,Group_31 1-12,text,true,,169,151,14,14,http://162.55.220.72:5005/get_method?name=Alona&age=32,135,0,70
1673704025334,134,/user_info_2,200,OK,Group_31 1-10,text,true,,464,248,14,14,http://162.55.220.72:5005/user_info_2,134,0,66
1673704025350,124,/user_info_3,200,OK,Group_31 1-8,text,true,,370,248,14,14,http://162.55.220.72:5005/user_info_3,124,0,60
1673704025355,124,/object_info_1,200,OK,Group_31 1-6,text,true,,230,164,14,14,http://162.55.220.72:5005/object_info_1?name=Alona&age=32&weight=60,123,0,61
1673704025373,132,/object_info_2,200,OK,Group_31 1-4,text,true,,464,166,15,15,http://162.55.220.72:5005/object_info_2?name=Alona&age=32&salary=1000,132,0,63
1673704025379,133,/object_info_3,200,OK,Group_31 1-2,text,true,,525,166,15,15,http://162.55.220.72:5005/object_info_3?name=Alona&age=32&salary=1000,132,0,65
1673704025393,153,/get_method,200,OK,Group_31 1-13,text,true,,169,151,15,15,http://162.55.220.72:5005/get_method?name=Alona&age=32,153,0,62
1673704025401,145,/user_info_2,200,OK,Group_31 1-11,text,true,,464,248,15,15,http://162.55.220.72:5005/user_info_2,145,0,62
1673704025414,136,/user_info_3,200,OK,Group_31 1-9,text,true,,370,248,15,15,http://162.55.220.72:5005/user_info_3,136,0,62
1673704025438,130,/object_info_1,200,OK,Group_31 1-7,text,true,,230,164,16,16,http://162.55.220.72:5005/object_info_1?name=Alona&age=32&weight=60,129,0,62
1673704025439,142,/object_info_2,200,OK,Group_31 1-5,text,true,,464,166,16,16,http://162.55.220.72:5005/object_info_2?name=Alona&age=32&salary=1000,142,0,65
1673704025439,146,/object_info_3,200,OK,Group_31 1-3,text,true,,525,166,16,16,http://162.55.220.72:5005/object_info_3?name=Alona&age=32&salary=1000,145,0,66
1673704025442,145,/get_method,200,OK,Group_31 1-14,text,true,,169,151,16,16,http://162.55.220.72:5005/get_method?name=Alona&age=32,145,0,63
1673704025450,138,/object_info_4,200,OK,Group_31 1-1,text,true,,237,166,16,16,http://162.55.220.72:5005/object_info_4?name=Alona&age=32&salary=1000,137,0,62
1673704025466,149,/user_info_2,200,OK,Group_31 1-12,text,true,,464,248,15,15,http://162.55.220.72:5005/user_info_2,148,0,79
1673704025469,154,/user_info_3,200,OK,Group_31 1-10,text,true,,370,248,15,15,http://162.55.220.72:5005/user_info_3,153,0,77
1673704025479,147,/object_info_2,200,OK,Group_31 1-6,text,true,,464,166,15,15,http://162.55.220.72:5005/object_info_2?name=Alona&age=32&salary=1000,147,0,73
1673704025474,152,/object_info_1,200,OK,Group_31 1-8,text,true,,230,164,15,15,http://162.55.220.72:5005/object_info_1?name=Alona&age=32&weight=60,152,0,74
1673704025502,134,/get_method,200,OK,Group_31 1-15,text,true,,169,151,16,16,http://162.55.220.72:5005/get_method?name=Alona&age=32,134,0,66
1673704025506,136,/object_info_3,200,OK,Group_31 1-4,text,true,,525,166,16,16,http://162.55.220.72:5005/object_info_3?name=Alona&age=32&salary=1000,135,0,66
1673704025513,156,/object_info_4,200,OK,Group_31 1-2,text,true,,237,166,16,16,http://162.55.220.72:5005/object_info_4?name=Alona&age=32&salary=1000,156,0,91
1673704025547,143,/user_info_3,200,OK,Group_31 1-11,text,true,,370,248,16,16,http://162.55.220.72:5005/user_info_3,143,0,71
1673704025547,138,/user_info_2,200,OK,Group_31 1-13,text,true,,464,248,16,16,http://162.55.220.72:5005/user_info_2,138,0,67
1673704025551,139,/object_info_1,200,OK,Group_31 1-9,text,true,,230,164,16,16,http://162.55.220.72:5005/object_info_1?name=Alona&age=32&weight=60,139,0,67
1673704025582,167,/object_info_3,200,OK,Group_31 1-5,text,true,,525,166,17,17,http://162.55.220.72:5005/object_info_3?name=Alona&age=32&salary=1000,167,0,66
1673704025565,184,/get_method,200,OK,Group_31 1-16,text,true,,169,151,17,17,http://162.55.220.72:5005/get_method?name=Alona&age=32,184,0,67
1673704025568,181,/object_info_2,200,OK,Group_31 1-7,text,true,,464,166,17,17,http://162.55.220.72:5005/object_info_2?name=Alona&age=32&salary=1000,181,0,65
1673704025588,163,/user_info_2,200,OK,Group_31 1-14,text,true,,464,248,17,17,http://162.55.220.72:5005/user_info_2,163,0,64
1673704025615,136,/user_info_3,200,OK,Group_31 1-12,text,true,,370,248,17,17,http://162.55.220.72:5005/user_info_3,136,0,65
1673704025585,166,/object_info_4,200,OK,Group_31 1-3,text,true,,237,166,17,17,http://162.55.220.72:5005/object_info_4?name=Alona&age=32&salary=1000,166,0,63
1673704025624,137,/object_info_1,200,OK,Group_31 1-10,text,true,,230,164,16,16,http://162.55.220.72:5005/object_info_1?name=Alona&age=32&weight=60,137,0,66
1673704025627,135,/object_info_3,200,OK,Group_31 1-6,text,true,,525,166,16,16,http://162.55.220.72:5005/object_info_3?name=Alona&age=32&salary=1000,135,0,66
1673704025627,137,/object_info_2,200,OK,Group_31 1-8,text,true,,464,166,16,16,http://162.55.220.72:5005/object_info_2?name=Alona&age=32&salary=1000,137,0,66
1673704025630,138,/get_method,200,OK,Group_31 1-17,text,true,,169,151,16,16,http://162.55.220.72:5005/get_method?name=Alona&age=32,138,0,70
1673704025637,137,/user_info_2,200,OK,Group_31 1-15,text,true,,464,248,16,16,http://162.55.220.72:5005/user_info_2,137,0,67
1673704025642,133,/object_info_4,200,OK,Group_31 1-4,text,true,,237,166,16,16,http://162.55.220.72:5005/object_info_4?name=Alona&age=32&salary=1000,133,0,66
1673704025679,134,/get_method,200,OK,Group_31 1-18,text,true,,169,151,16,16,http://162.55.220.72:5005/get_method?name=Alona&age=32,134,0,69
1673704025703,132,/object_info_2,200,OK,Group_31 1-9,text,true,,464,166,16,16,http://162.55.220.72:5005/object_info_2?name=Alona&age=32&salary=1000,132,0,67
1673704025703,138,/object_info_1,200,OK,Group_31 1-11,text,true,,230,164,16,16,http://162.55.220.72:5005/object_info_1?name=Alona&age=32&weight=60,138,0,67
1673704025703,143,/user_info_3,200,OK,Group_31 1-13,text,true,,370,248,16,16,http://162.55.220.72:5005/user_info_3,142,0,67
1673704025738,128,/get_method,200,OK,Group_31 1-19,text,true,,169,151,17,17,http://162.55.220.72:5005/get_method?name=Alona&age=32,128,0,65
1673704025749,128,/object_info_4,200,OK,Group_31 1-5,text,true,,237,166,17,17,http://162.55.220.72:5005/object_info_4?name=Alona&age=32&salary=1000,128,0,62
1673704025749,134,/object_info_3,200,OK,Group_31 1-7,text,true,,525,166,16,16,http://162.55.220.72:5005/object_info_3?name=Alona&age=32&salary=1000,134,0,63
1673704025749,140,/user_info_2,200,OK,Group_31 1-16,text,true,,464,248,16,16,http://162.55.220.72:5005/user_info_2,140,0,66
1673704025751,145,/object_info_1,200,OK,Group_31 1-12,text,true,,230,164,16,16,http://162.55.220.72:5005/object_info_1?name=Alona&age=32&weight=60,145,0,67
1673704025751,147,/user_info_3,200,OK,Group_31 1-14,text,true,,370,248,16,16,http://162.55.220.72:5005/user_info_3,147,0,68
1673704025761,138,/object_info_2,200,OK,Group_31 1-10,text,true,,464,166,16,16,http://162.55.220.72:5005/object_info_2?name=Alona&age=32&salary=1000,138,0,62
1673704025764,145,/object_info_3,200,OK,Group_31 1-8,text,true,,525,166,16,16,http://162.55.220.72:5005/object_info_3?name=Alona&age=32&salary=1000,145,0,62
1673704025763,148,/object_info_4,200,OK,Group_31 1-6,text,true,,237,166,16,16,http://162.55.220.72:5005/object_info_4?name=Alona&age=32&salary=1000,148,0,62
1673704025769,144,/user_info_2,200,OK,Group_31 1-17,text,true,,464,248,15,15,http://162.55.220.72:5005/user_info_2,144,0,63
1673704025774,142,/user_info_3,200,OK,Group_31 1-15,text,true,,370,248,15,15,http://162.55.220.72:5005/user_info_3,142,0,63
1673704025800,128,/get_method,200,OK,Group_31 1-20,text,true,,169,151,16,16,http://162.55.220.72:5005/get_method?name=Alona&age=32,128,0,63
1673704025814,126,/user_info_2,200,OK,Group_31 1-18,text,true,,464,248,16,16,http://162.55.220.72:5005/user_info_2,126,0,61
1673704025836,127,/object_info_3,200,OK,Group_31 1-9,text,true,,525,166,16,16,http://162.55.220.72:5005/object_info_3?name=Alona&age=32&salary=1000,127,0,62
1673704025842,127,/object_info_2,200,OK,Group_31 1-11,text,true,,464,166,16,16,http://162.55.220.72:5005/object_info_2?name=Alona&age=32&salary=1000,126,0,63
1673704025846,125,/object_info_1,200,OK,Group_31 1-13,text,true,,230,164,16,16,http://162.55.220.72:5005/object_info_1?name=Alona&age=32&weight=60,125,0,60
1673704025859,127,/get_method,200,OK,Group_31 1-21,text,true,,169,151,17,17,http://162.55.220.72:5005/get_method?name=Alona&age=32,127,0,63
1673704025867,124,/user_info_2,200,OK,Group_31 1-19,text,true,,464,248,17,17,http://162.55.220.72:5005/user_info_2,124,0,60
1673704025884,131,/object_info_4,200,OK,Group_31 1-7,text,true,,237,166,17,17,http://162.55.220.72:5005/object_info_4?name=Alona&age=32&salary=1000,131,0,64
1673704025889,126,/user_info_3,200,OK,Group_31 1-16,text,true,,370,248,17,17,http://162.55.220.72:5005/user_info_3,126,0,60
1673704025899,131,/object_info_1,200,OK,Group_31 1-14,text,true,,230,164,16,16,http://162.55.220.72:5005/object_info_1?name=Alona&age=32&weight=60,130,0,63
1673704025897,133,/object_info_2,200,OK,Group_31 1-12,text,true,,464,166,16,16,http://162.55.220.72:5005/object_info_2?name=Alona&age=32&salary=1000,133,0,62
1673704025899,138,/object_info_3,200,OK,Group_31 1-10,text,true,,525,166,16,16,http://162.55.220.72:5005/object_info_3?name=Alona&age=32&salary=1000,138,0,65
1673704025910,135,/object_info_4,200,OK,Group_31 1-8,text,true,,237,166,17,17,http://162.55.220.72:5005/object_info_4?name=Alona&age=32&salary=1000,134,0,63
1673704025914,133,/user_info_3,200,OK,Group_31 1-17,text,true,,370,248,16,16,http://162.55.220.72:5005/user_info_3,133,0,63
1673704025917,130,/object_info_1,200,OK,Group_31 1-15,text,true,,230,164,16,16,http://162.55.220.72:5005/object_info_1?name=Alona&age=32&weight=60,130,0,64
1673704025920,132,/get_method,200,OK,Group_31 1-22,text,true,,169,151,16,16,http://162.55.220.72:5005/get_method?name=Alona&age=32,132,0,63
1673704025941,127,/user_info_3,200,OK,Group_31 1-18,text,true,,370,248,16,16,http://162.55.220.72:5005/user_info_3,127,0,60
1673704025928,141,/user_info_2,200,OK,Group_31 1-20,text,true,,464,248,16,16,http://162.55.220.72:5005/user_info_2,140,0,62
1673704025964,124,/object_info_4,200,OK,Group_31 1-9,text,true,,237,166,16,16,http://162.55.220.72:5005/object_info_4?name=Alona&age=32&salary=1000,124,0,61
1673704025969,128,/object_info_3,200,OK,Group_31 1-11,text,true,,525,166,15,15,http://162.55.220.72:5005/object_info_3?name=Alona&age=32&salary=1000,128,0,63
1673704025972,131,/object_info_2,200,OK,Group_31 1-13,text,true,,464,166,16,16,http://162.55.220.72:5005/object_info_2?name=Alona&age=32&salary=1000,130,0,62
1673704025979,126,/get_method,200,OK,Group_31 1-23,text,true,,169,151,16,16,http://162.55.220.72:5005/get_method?name=Alona&age=32,126,0,62
1673704025987,131,/user_info_2,200,OK,Group_31 1-21,text,true,,464,248,16,16,http://162.55.220.72:5005/user_info_2,131,0,65
1673704025992,141,/user_info_3,200,OK,Group_31 1-19,text,true,,370,248,16,16,http://162.55.220.72:5005/user_info_3,141,0,75
1673704026015,127,/object_info_1,200,OK,Group_31 1-16,text,true,,230,164,16,16,http://162.55.220.72:5005/object_info_1?name=Alona&age=32&weight=60,126,0,62
1673704026031,129,/object_info_2,200,OK,Group_31 1-14,text,true,,464,166,16,16,http://162.55.220.72:5005/object_info_2?name=Alona&age=32&salary=1000,128,0,61
1673704026031,131,/object_info_3,200,OK,Group_31 1-12,text,true,,525,166,16,16,http://162.55.220.72:5005/object_info_3?name=Alona&age=32&salary=1000,131,0,62
1673704026038,132,/object_info_4,200,OK,Group_31 1-10,text,true,,237,166,16,16,http://162.55.220.72:5005/object_info_4?name=Alona&age=32&salary=1000,132,0,65
1673704026039,132,/get_method,200,OK,Group_31 1-24,text,true,,169,151,16,16,http://162.55.220.72:5005/get_method?name=Alona&age=32,132,0,64
1673704026048,133,/object_info_1,200,OK,Group_31 1-17,text,true,,230,164,16,16,http://162.55.220.72:5005/object_info_1?name=Alona&age=32&weight=60,132,0,66
1673704026098,133,/object_info_4,200,OK,Group_31 1-11,text,true,,237,166,16,16,http://162.55.220.72:5005/object_info_4?name=Alona&age=32&salary=1000,132,0,64
1673704026104,134,/object_info_3,200,OK,Group_31 1-13,text,true,,525,166,17,17,http://162.55.220.72:5005/object_info_3?name=Alona&age=32&salary=1000,133,0,65
1673704026069,131,/object_info_1,200,OK,Group_31 1-18,text,true,,230,164,16,16,http://162.55.220.72:5005/object_info_1?name=Alona&age=32&weight=60,130,0,61
1673704026100,132,/get_method,200,OK,Group_31 1-25,text,true,,169,151,16,16,http://162.55.220.72:5005/get_method?name=Alona&age=32,132,0,63
1673704026053,140,/user_info_2,200,OK,Group_31 1-22,text,true,,464,248,16,16,http://162.55.220.72:5005/user_info_2,140,0,75
1673704026069,146,/user_info_3,200,OK,Group_31 1-20,text,true,,370,248,16,16,http://162.55.220.72:5005/user_info_3,146,0,62
1673704026106,132,/user_info_2,200,OK,Group_31 1-23,text,true,,464,248,17,17,http://162.55.220.72:5005/user_info_2,132,0,64
1673704026048,136,/object_info_2,200,OK,Group_31 1-15,text,true,,464,166,16,16,http://162.55.220.72:5005/object_info_2?name=Alona&age=32&salary=1000,136,0,64
1673704026119,129,/user_info_3,200,OK,Group_31 1-21,text,true,,370,248,16,16,http://162.55.220.72:5005/user_info_3,129,0,65
1673704026133,128,/object_info_1,200,OK,Group_31 1-19,text,true,,230,164,16,16,http://162.55.220.72:5005/object_info_1?name=Alona&age=32&weight=60,127,0,62
1673704026142,141,/object_info_2,200,OK,Group_31 1-16,text,true,,464,166,17,17,http://162.55.220.72:5005/object_info_2?name=Alona&age=32&salary=1000,141,0,73
1673704026160,139,/object_info_3,200,OK,Group_31 1-14,text,true,,525,166,17,17,http://162.55.220.72:5005/object_info_3?name=Alona&age=32&salary=1000,138,0,70
1673704026172,142,/user_info_2,200,OK,Group_31 1-24,text,true,,464,248,17,17,http://162.55.220.72:5005/user_info_2,142,0,63
1673704026163,153,/object_info_4,200,OK,Group_31 1-12,text,true,,237,166,17,17,http://162.55.220.72:5005/object_info_4?name=Alona&age=32&salary=1000,153,0,67
1673704026176,142,/get_method,200,OK,Group_31 1-26,text,true,,169,151,16,16,http://162.55.220.72:5005/get_method?name=Alona&age=32,142,0,62
1673704026181,140,/object_info_2,200,OK,Group_31 1-17,text,true,,464,166,16,16,http://162.55.220.72:5005/object_info_2?name=Alona&age=32&salary=1000,140,0,64
1673704026234,124,/get_method,200,OK,Group_31 1-27,text,true,,169,151,17,17,http://162.55.220.72:5005/get_method?name=Alona&age=32,124,0,60
1673704026240,128,/user_info_2,200,OK,Group_31 1-25,text,true,,464,248,17,17,http://162.55.220.72:5005/user_info_2,128,0,61
1673704026240,133,/object_info_2,200,OK,Group_31 1-18,text,true,,464,166,17,17,http://162.55.220.72:5005/object_info_2?name=Alona&age=32&salary=1000,132,0,61
1673704026240,135,/object_info_4,200,OK,Group_31 1-13,text,true,,237,166,17,17,http://162.55.220.72:5005/object_info_4?name=Alona&age=32&salary=1000,134,0,64
1673704026241,139,/object_info_1,200,OK,Group_31 1-20,text,true,,230,164,16,16,http://162.55.220.72:5005/object_info_1?name=Alona&age=32&weight=60,138,0,64
1673704026241,141,/object_info_3,200,OK,Group_31 1-15,text,true,,525,166,16,16,http://162.55.220.72:5005/object_info_3?name=Alona&age=32&salary=1000,140,0,64
1673704026241,150,/user_info_3,200,OK,Group_31 1-22,text,true,,370,248,16,16,http://162.55.220.72:5005/user_info_3,150,0,65
1673704026241,153,/user_info_3,200,OK,Group_31 1-23,text,true,,370,248,16,16,http://162.55.220.72:5005/user_info_3,152,0,65
1673704026261,133,/object_info_2,200,OK,Group_31 1-19,text,true,,464,166,16,16,http://162.55.220.72:5005/object_info_2?name=Alona&age=32&salary=1000,132,0,62
1673704026249,147,/object_info_1,200,OK,Group_31 1-21,text,true,,230,164,16,16,http://162.55.220.72:5005/object_info_1?name=Alona&age=32&weight=60,147,0,60
1673704026281,129,/get_method,200,OK,Group_31 1-28,text,true,,169,151,17,17,http://162.55.220.72:5005/get_method?name=Alona&age=32,129,0,65
1673704026284,129,/object_info_3,200,OK,Group_31 1-16,text,true,,525,166,17,17,http://162.55.220.72:5005/object_info_3?name=Alona&age=32&salary=1000,129,0,62
1673704026299,126,/object_info_4,200,OK,Group_31 1-14,text,true,,237,166,17,17,http://162.55.220.72:5005/object_info_4?name=Alona&age=32&salary=1000,126,0,61
1673704026315,124,/user_info_3,200,OK,Group_31 1-24,text,true,,370,248,16,16,http://162.55.220.72:5005/user_info_3,123,0,62
1673704026319,127,/user_info_2,200,OK,Group_31 1-26,text,true,,464,248,16,16,http://162.55.220.72:5005/user_info_2,127,0,62
1673704026321,128,/object_info_3,200,OK,Group_31 1-17,text,true,,525,166,16,16,http://162.55.220.72:5005/object_info_3?name=Alona&age=32&salary=1000,128,0,62
1673704026339,126,/get_method,200,OK,Group_31 1-29,text,true,,169,151,17,17,http://162.55.220.72:5005/get_method?name=Alona&age=32,126,0,62
1673704026359,126,/user_info_2,200,OK,Group_31 1-27,text,true,,464,248,17,17,http://162.55.220.72:5005/user_info_2,125,0,61
1673704026369,122,/user_info_3,200,OK,Group_31 1-25,text,true,,370,248,17,17,http://162.55.220.72:5005/user_info_3,122,0,61
1673704026373,124,/object_info_3,200,OK,Group_31 1-18,text,true,,525,166,17,17,http://162.55.220.72:5005/object_info_3?name=Alona&age=32&salary=1000,124,0,61
1673704026380,126,/object_info_2,200,OK,Group_31 1-20,text,true,,464,166,17,17,http://162.55.220.72:5005/object_info_2?name=Alona&age=32&salary=1000,126,0,62
1673704026383,127,/object_info_4,200,OK,Group_31 1-15,text,true,,237,166,17,17,http://162.55.220.72:5005/object_info_4?name=Alona&age=32&salary=1000,127,0,61
1673704026392,124,/object_info_1,200,OK,Group_31 1-22,text,true,,230,164,16,16,http://162.55.220.72:5005/object_info_1?name=Alona&age=32&weight=60,124,0,61
1673704026397,135,/object_info_2,200,OK,Group_31 1-21,text,true,,464,166,17,17,http://162.55.220.72:5005/object_info_2?name=Alona&age=32&salary=1000,135,0,63
1673704026394,141,/object_info_1,200,OK,Group_31 1-23,text,true,,230,164,17,17,http://162.55.220.72:5005/object_info_1?name=Alona&age=32&weight=60,141,0,61
1673704026394,146,/object_info_3,200,OK,Group_31 1-19,text,true,,525,166,17,17,http://162.55.220.72:5005/object_info_3?name=Alona&age=32&salary=1000,146,0,66
1673704026410,133,/user_info_2,200,OK,Group_31 1-28,text,true,,464,248,17,17,http://162.55.220.72:5005/user_info_2,133,0,60
1673704026400,143,/get_method,200,OK,Group_31 1-30,text,true,,169,151,17,17,http://162.55.220.72:5005/get_method?name=Alona&age=32,143,0,63
1673704026414,131,/object_info_4,200,OK,Group_31 1-16,text,true,,237,166,17,17,http://162.55.220.72:5005/object_info_4?name=Alona&age=32&salary=1000,131,0,59
1673704026439,124,/object_info_1,200,OK,Group_31 1-24,text,true,,230,164,16,16,http://162.55.220.72:5005/object_info_1?name=Alona&age=32&weight=60,124,0,60
1673704026447,128,/user_info_3,200,OK,Group_31 1-26,text,true,,370,248,16,16,http://162.55.220.72:5005/user_info_3,127,0,62
1673704026450,131,/object_info_4,200,OK,Group_31 1-17,text,true,,237,166,17,17,http://162.55.220.72:5005/object_info_4?name=Alona&age=32&salary=1000,131,0,62
1673704026460,125,/get_method,200,OK,Group_31 1-31,text,true,,169,151,16,16,http://162.55.220.72:5005/get_method?name=Alona&age=32,125,0,61
1673704026466,123,/user_info_2,200,OK,Group_31 1-29,text,true,,464,248,16,16,http://162.55.220.72:5005/user_info_2,123,0,60
1673704026485,128,/user_info_3,200,OK,Group_31 1-27,text,true,,370,248,16,16,http://162.55.220.72:5005/user_info_3,127,0,63
1673704026492,125,/object_info_1,200,OK,Group_31 1-25,text,true,,230,164,16,16,http://162.55.220.72:5005/object_info_1?name=Alona&age=32&weight=60,125,0,61
1673704026498,129,/object_info_4,200,OK,Group_31 1-18,text,true,,237,166,16,16,http://162.55.220.72:5005/object_info_4?name=Alona&age=32&salary=1000,129,0,64
1673704026507,131,/object_info_3,200,OK,Group_31 1-20,text,true,,525,166,16,16,http://162.55.220.72:5005/object_info_3?name=Alona&age=32&salary=1000,131,0,62
1673704026517,132,/object_info_2,200,OK,Group_31 1-22,text,true,,464,166,16,16,http://162.55.220.72:5005/object_info_2?name=Alona&age=32&salary=1000,132,0,64
1673704026520,131,/get_method,200,OK,Group_31 1-32,text,true,,169,151,16,16,http://162.55.220.72:5005/get_method?name=Alona&age=32,131,0,61
1673704026533,124,/object_info_3,200,OK,Group_31 1-21,text,true,,525,166,16,16,http://162.55.220.72:5005/object_info_3?name=Alona&age=32&salary=1000,124,0,61
1673704026536,124,/object_info_2,200,OK,Group_31 1-23,text,true,,464,166,16,16,http://162.55.220.72:5005/object_info_2?name=Alona&age=32&salary=1000,123,0,60
1673704026541,124,/object_info_4,200,OK,Group_31 1-19,text,true,,237,166,16,16,http://162.55.220.72:5005/object_info_4?name=Alona&age=32&salary=1000,124,0,61
1673704026544,126,/user_info_3,200,OK,Group_31 1-28,text,true,,370,248,15,15,http://162.55.220.72:5005/user_info_3,125,0,60
1673704026544,127,/user_info_2,200,OK,Group_31 1-30,text,true,,464,248,15,15,http://162.55.220.72:5005/user_info_2,127,0,62
1673704026586,132,/user_info_2,200,OK,Group_31 1-31,text,true,,464,248,16,16,http://162.55.220.72:5005/user_info_2,131,0,61
1673704026579,137,/get_method,200,OK,Group_31 1-33,text,true,,169,151,16,16,http://162.55.220.72:5005/get_method?name=Alona&age=32,137,0,63
1673704026590,126,/user_info_3,200,OK,Group_31 1-29,text,true,,370,248,16,16,http://162.55.220.72:5005/user_info_3,126,0,61
1673704026575,131,/object_info_1,200,OK,Group_31 1-26,text,true,,230,164,16,16,http://162.55.220.72:5005/object_info_1?name=Alona&age=32&weight=60,131,0,63
1673704026564,124,/object_info_2,200,OK,Group_31 1-24,text,true,,464,166,15,15,http://162.55.220.72:5005/object_info_2?name=Alona&age=32&salary=1000,124,0,60
1673704026613,133,/object_info_1,200,OK,Group_31 1-27,text,true,,230,164,16,16,http://162.55.220.72:5005/object_info_1?name=Alona&age=32&weight=60,133,0,61
1673704026618,128,/object_info_2,200,OK,Group_31 1-25,text,true,,464,166,16,16,http://162.55.220.72:5005/object_info_2?name=Alona&age=32&salary=1000,128,0,59
1673704026639,136,/get_method,200,OK,Group_31 1-34,text,true,,169,151,17,17,http://162.55.220.72:5005/get_method?name=Alona&age=32,136,0,67
1673704026639,140,/object_info_4,200,OK,Group_31 1-20,text,true,,237,166,17,17,http://162.55.220.72:5005/object_info_4?name=Alona&age=32&salary=1000,140,0,69
1673704026649,133,/object_info_3,200,OK,Group_31 1-22,text,true,,525,166,16,16,http://162.55.220.72:5005/object_info_3?name=Alona&age=32&salary=1000,133,0,62
1673704026652,137,/user_info_2,200,OK,Group_31 1-32,text,true,,464,248,16,16,http://162.55.220.72:5005/user_info_2,137,0,60
1673704026660,131,/object_info_3,200,OK,Group_31 1-23,text,true,,525,166,16,16,http://162.55.220.72:5005/object_info_3?name=Alona&age=32&salary=1000,131,0,63
1673704026657,137,/object_info_4,200,OK,Group_31 1-21,text,true,,237,166,16,16,http://162.55.220.72:5005/object_info_4?name=Alona&age=32&salary=1000,137,0,62
1673704026670,126,/object_info_1,200,OK,Group_31 1-28,text,true,,230,164,15,15,http://162.55.220.72:5005/object_info_1?name=Alona&age=32&weight=60,126,0,60
1673704026672,131,/user_info_3,200,OK,Group_31 1-30,text,true,,370,248,15,15,http://162.55.220.72:5005/user_info_3,131,0,61
1673704026701,124,/get_method,200,OK,Group_31 1-35,text,true,,169,151,16,16,http://162.55.220.72:5005/get_method?name=Alona&age=32,124,0,60
1673704026732,130,/object_info_1,200,OK,Group_31 1-29,text,true,,230,164,16,16,http://162.55.220.72:5005/object_info_1?name=Alona&age=32&weight=60,129,0,64
1673704026732,143,/object_info_3,200,OK,Group_31 1-24,text,true,,525,166,16,16,http://162.55.220.72:5005/object_info_3?name=Alona&age=32&salary=1000,142,0,65
1673704026731,150,/user_info_2,200,OK,Group_31 1-33,text,true,,464,248,17,17,http://162.55.220.72:5005/user_info_2,150,0,65
1673704026732,149,/object_info_2,200,OK,Group_31 1-26,text,true,,464,166,17,17,http://162.55.220.72:5005/object_info_2?name=Alona&age=32&salary=1000,149,0,69
1673704026731,150,/user_info_3,200,OK,Group_31 1-31,text,true,,370,248,17,17,http://162.55.220.72:5005/user_info_3,150,0,66
1673704026746,138,/object_info_3,200,OK,Group_31 1-25,text,true,,525,166,17,17,http://162.55.220.72:5005/object_info_3?name=Alona&age=32&salary=1000,138,0,60
1673704026757,133,/get_method,200,OK,Group_31 1-36,text,true,,169,151,17,17,http://162.55.220.72:5005/get_method?name=Alona&age=32,133,0,62
1673704026746,144,/object_info_2,200,OK,Group_31 1-27,text,true,,464,166,17,17,http://162.55.220.72:5005/object_info_2?name=Alona&age=32&salary=1000,144,0,62
1673704026776,128,/user_info_2,200,OK,Group_31 1-34,text,true,,464,248,17,17,http://162.55.220.72:5005/user_info_2,128,0,61
1673704026782,126,/object_info_4,200,OK,Group_31 1-22,text,true,,237,166,17,17,http://162.55.220.72:5005/object_info_4?name=Alona&age=32&salary=1000,126,0,60
1673704026789,124,/user_info_3,200,OK,Group_31 1-32,text,true,,370,248,16,16,http://162.55.220.72:5005/user_info_3,124,0,60
1673704026791,125,/object_info_4,200,OK,Group_31 1-23,text,true,,237,166,16,16,http://162.55.220.72:5005/object_info_4?name=Alona&age=32&salary=1000,125,0,60
1673704026797,125,/object_info_2,200,OK,Group_31 1-28,text,true,,464,166,15,15,http://162.55.220.72:5005/object_info_2?name=Alona&age=32&salary=1000,124,0,61
1673704026803,125,/object_info_1,200,OK,Group_31 1-30,text,true,,230,164,15,15,http://162.55.220.72:5005/object_info_1?name=Alona&age=32&weight=60,125,0,61
1673704026818,132,/get_method,200,OK,Group_31 1-37,text,true,,169,151,16,16,http://162.55.220.72:5005/get_method?name=Alona&age=32,132,0,65
1673704026826,131,/user_info_2,200,OK,Group_31 1-35,text,true,,464,248,16,16,http://162.55.220.72:5005/user_info_2,131,0,65
1673704026862,129,/object_info_2,200,OK,Group_31 1-29,text,true,,464,166,16,16,http://162.55.220.72:5005/object_info_2?name=Alona&age=32&salary=1000,129,0,64
1673704026875,131,/object_info_4,200,OK,Group_31 1-24,text,true,,237,166,17,17,http://162.55.220.72:5005/object_info_4?name=Alona&age=32&salary=1000,131,0,63
1673704026879,129,/get_method,200,OK,Group_31 1-38,text,true,,169,151,16,16,http://162.55.220.72:5005/get_method?name=Alona&age=32,129,0,63
1673704026882,132,/object_info_1,200,OK,Group_31 1-31,text,true,,230,164,16,16,http://162.55.220.72:5005/object_info_1?name=Alona&age=32&weight=60,131,0,63
1673704026885,135,/object_info_4,200,OK,Group_31 1-25,text,true,,237,166,16,16,http://162.55.220.72:5005/object_info_4?name=Alona&age=32&salary=1000,135,0,63
1673704026882,146,/object_info_3,200,OK,Group_31 1-26,text,true,,525,166,15,15,http://162.55.220.72:5005/object_info_3?name=Alona&age=32&salary=1000,145,0,66
1673704026891,140,/object_info_3,200,OK,Group_31 1-27,text,true,,525,166,15,15,http://162.55.220.72:5005/object_info_3?name=Alona&age=32&salary=1000,139,0,62
1673704026882,151,/user_info_3,200,OK,Group_31 1-33,text,true,,370,248,15,15,http://162.55.220.72:5005/user_info_3,151,0,67
1673704026891,142,/user_info_2,200,OK,Group_31 1-36,text,true,,464,248,15,15,http://162.55.220.72:5005/user_info_2,142,0,63
1673704026905,132,/user_info_3,200,OK,Group_31 1-34,text,true,,370,248,15,15,http://162.55.220.72:5005/user_info_3,132,0,60
1673704026913,126,/object_info_1,200,OK,Group_31 1-32,text,true,,230,164,15,15,http://162.55.220.72:5005/object_info_1?name=Alona&age=32&weight=60,126,0,61
1673704026922,123,/object_info_3,200,OK,Group_31 1-28,text,true,,525,166,15,15,http://162.55.220.72:5005/object_info_3?name=Alona&age=32&salary=1000,123,0,59
1673704026928,122,/object_info_2,200,OK,Group_31 1-30,text,true,,464,166,15,15,http://162.55.220.72:5005/object_info_2?name=Alona&age=32&salary=1000,122,0,60
1673704026939,124,/get_method,200,OK,Group_31 1-39,text,true,,169,151,16,16,http://162.55.220.72:5005/get_method?name=Alona&age=32,124,0,61
1673704026950,129,/user_info_2,200,OK,Group_31 1-37,text,true,,464,248,16,16,http://162.55.220.72:5005/user_info_2,128,0,63
1673704026957,127,/user_info_3,200,OK,Group_31 1-35,text,true,,370,248,16,16,http://162.55.220.72:5005/user_info_3,127,0,62
1673704026992,124,/object_info_3,200,OK,Group_31 1-29,text,true,,525,166,16,16,http://162.55.220.72:5005/object_info_3?name=Alona&age=32&salary=1000,124,0,61
1673704026999,126,/get_method,200,OK,Group_31 1-40,text,true,,169,151,17,17,http://162.55.220.72:5005/get_method?name=Alona&age=32,126,0,62
1673704027008,135,/user_info_2,200,OK,Group_31 1-38,text,true,,464,248,17,17,http://162.55.220.72:5005/user_info_2,135,0,66
1673704027014,131,/object_info_2,200,OK,Group_31 1-31,text,true,,464,166,17,17,http://162.55.220.72:5005/object_info_2?name=Alona&age=32&salary=1000,131,0,63
1673704027028,126,/object_info_4,200,OK,Group_31 1-26,text,true,,237,166,17,17,http://162.55.220.72:5005/object_info_4?name=Alona&age=32&salary=1000,125,0,62
1673704027033,128,/object_info_1,200,OK,Group_31 1-33,text,true,,230,164,16,16,http://162.55.220.72:5005/object_info_1?name=Alona&age=32&weight=60,128,0,61
1673704027031,135,/object_info_4,200,OK,Group_31 1-27,text,true,,237,166,16,16,http://162.55.220.72:5005/object_info_4?name=Alona&age=32&salary=1000,135,0,63
1673704027033,137,/user_info_3,200,OK,Group_31 1-36,text,true,,370,248,15,15,http://162.55.220.72:5005/user_info_3,136,0,63
1673704027039,138,/object_info_2,200,OK,Group_31 1-32,text,true,,464,166,16,16,http://162.55.220.72:5005/object_info_2?name=Alona&age=32&salary=1000,138,0,61
1673704027037,140,/object_info_1,200,OK,Group_31 1-34,text,true,,230,164,16,16,http://162.55.220.72:5005/object_info_1?name=Alona&age=32&weight=60,140,0,62
1673704027045,132,/object_info_4,200,OK,Group_31 1-28,text,true,,237,166,16,16,http://162.55.220.72:5005/object_info_4?name=Alona&age=32&salary=1000,132,0,61
1673704027051,127,/object_info_3,200,OK,Group_31 1-30,text,true,,525,166,15,15,http://162.55.220.72:5005/object_info_3?name=Alona&age=32&salary=1000,127,0,60
1673704027058,133,/get_method,200,OK,Group_31 1-41,text,true,,169,151,15,15,http://162.55.220.72:5005/get_method?name=Alona&age=32,133,0,62
1673704027063,131,/user_info_2,200,OK,Group_31 1-39,text,true,,464,248,15,15,http://162.55.220.72:5005/user_info_2,130,0,61
1673704027085,130,/object_info_1,200,OK,Group_31 1-35,text,true,,230,164,15,15,http://162.55.220.72:5005/object_info_1?name=Alona&age=32&weight=60,130,0,63
1673704027079,131,/user_info_3,200,OK,Group_31 1-37,text,true,,370,248,15,15,http://162.55.220.72:5005/user_info_3,131,0,63
1673704027117,143,/object_info_4,200,OK,Group_31 1-29,text,true,,237,166,16,16,http://162.55.220.72:5005/object_info_4?name=Alona&age=32&salary=1000,143,0,70
1673704027118,154,/get_method,200,OK,Group_31 1-42,text,true,,169,151,15,15,http://162.55.220.72:5005/get_method?name=Alona&age=32,154,0,71
1673704027125,149,/user_info_2,200,OK,Group_31 1-40,text,true,,464,248,15,15,http://162.55.220.72:5005/user_info_2,149,0,68
1673704027144,136,/user_info_3,200,OK,Group_31 1-38,text,true,,370,248,15,15,http://162.55.220.72:5005/user_info_3,136,0,61
1673704027146,135,/object_info_3,200,OK,Group_31 1-31,text,true,,525,166,15,15,http://162.55.220.72:5005/object_info_3?name=Alona&age=32&salary=1000,135,0,65
1673704027162,128,/object_info_2,200,OK,Group_31 1-33,text,true,,464,166,15,15,http://162.55.220.72:5005/object_info_2?name=Alona&age=32&salary=1000,128,0,62
1673704027170,126,/object_info_1,200,OK,Group_31 1-36,text,true,,230,164,15,15,http://162.55.220.72:5005/object_info_1?name=Alona&age=32&weight=60,126,0,61
1673704027178,129,/object_info_3,200,OK,Group_31 1-32,text,true,,525,166,16,16,http://162.55.220.72:5005/object_info_3?name=Alona&age=32&salary=1000,129,0,64
1673704027179,135,/object_info_2,200,OK,Group_31 1-34,text,true,,464,166,16,16,http://162.55.220.72:5005/object_info_2?name=Alona&age=32&salary=1000,135,0,66
1673704027179,138,/object_info_4,200,OK,Group_31 1-30,text,true,,237,166,16,16,http://162.55.220.72:5005/object_info_4?name=Alona&age=32&salary=1000,137,0,66
1673704027181,141,/get_method,200,OK,Group_31 1-43,text,true,,169,151,15,15,http://162.55.220.72:5005/get_method?name=Alona&age=32,141,0,64
1673704027194,136,/user_info_3,200,OK,Group_31 1-39,text,true,,370,248,15,15,http://162.55.220.72:5005/user_info_3,136,0,63
1673704027191,139,/user_info_2,200,OK,Group_31 1-41,text,true,,464,248,15,15,http://162.55.220.72:5005/user_info_2,139,0,65
1673704027237,127,/get_method,200,OK,Group_31 1-44,text,true,,169,151,16,16,http://162.55.220.72:5005/get_method?name=Alona&age=32,127,0,61
1673704027244,131,/object_info_2,200,OK,Group_31 1-35,text,true,,464,166,16,16,http://162.55.220.72:5005/object_info_2?name=Alona&age=32&salary=1000,131,0,61
1673704027244,138,/object_info_1,200,OK,Group_31 1-37,text,true,,230,164,16,16,http://162.55.220.72:5005/object_info_1?name=Alona&age=32&weight=60,138,0,65
1673704027272,130,/user_info_2,200,OK,Group_31 1-42,text,true,,464,248,16,16,http://162.55.220.72:5005/user_info_2,130,0,65
1673704027274,134,/user_info_3,200,OK,Group_31 1-40,text,true,,370,248,16,16,http://162.55.220.72:5005/user_info_3,134,0,65
1673704027280,134,/object_info_1,200,OK,Group_31 1-38,text,true,,230,164,16,16,http://162.55.220.72:5005/object_info_1?name=Alona&age=32&weight=60,134,0,62
1673704027281,135,/object_info_4,200,OK,Group_31 1-31,text,true,,237,166,16,16,http://162.55.220.72:5005/object_info_4?name=Alona&age=32&salary=1000,135,0,64
1673704027290,127,/object_info_3,200,OK,Group_31 1-33,text,true,,525,166,15,15,http://162.55.220.72:5005/object_info_3?name=Alona&age=32&salary=1000,127,0,63
1673704027298,131,/get_method,200,OK,Group_31 1-45,text,true,,169,151,16,16,http://162.55.220.72:5005/get_method?name=Alona&age=32,131,0,62
1673704027296,134,/object_info_2,200,OK,Group_31 1-36,text,true,,464,166,16,16,http://162.55.220.72:5005/object_info_2?name=Alona&age=32&salary=1000,134,0,63
1673704027308,127,/object_info_4,200,OK,Group_31 1-32,text,true,,237,166,16,16,http://162.55.220.72:5005/object_info_4?name=Alona&age=32&salary=1000,127,0,62
1673704027315,125,/object_info_3,200,OK,Group_31 1-34,text,true,,525,166,15,15,http://162.55.220.72:5005/object_info_3?name=Alona&age=32&salary=1000,125,0,61
1673704027323,133,/user_info_2,200,OK,Group_31 1-43,text,true,,464,248,15,15,http://162.55.220.72:5005/user_info_2,133,0,68
1673704027331,130,/user_info_3,200,OK,Group_31 1-41,text,true,,370,248,15,15,http://162.55.220.72:5005/user_info_3,130,0,61
1673704027330,133,/object_info_1,200,OK,Group_31 1-39,text,true,,230,164,15,15,http://162.55.220.72:5005/object_info_1?name=Alona&age=32&weight=60,133,0,64
1673704027358,133,/get_method,200,OK,Group_31 1-46,text,true,,169,151,16,16,http://162.55.220.72:5005/get_method?name=Alona&age=32,133,0,64
1673704027364,129,/user_info_2,200,OK,Group_31 1-44,text,true,,464,248,16,16,http://162.55.220.72:5005/user_info_2,129,0,63
1673704027375,130,/object_info_3,200,OK,Group_31 1-35,text,true,,525,166,16,16,http://162.55.220.72:5005/object_info_3?name=Alona&age=32&salary=1000,129,0,65
1673704027382,128,/object_info_2,200,OK,Group_31 1-37,text,true,,464,166,16,16,http://162.55.220.72:5005/object_info_2?name=Alona&age=32&salary=1000,127,0,63
1673704027403,131,/user_info_3,200,OK,Group_31 1-42,text,true,,370,248,16,16,http://162.55.220.72:5005/user_info_3,131,0,65
1673704027409,133,/object_info_1,200,OK,Group_31 1-40,text,true,,230,164,17,17,http://162.55.220.72:5005/object_info_1?name=Alona&age=32&weight=60,133,0,63
1673704027414,128,/object_info_2,200,OK,Group_31 1-38,text,true,,464,166,17,17,http://162.55.220.72:5005/object_info_2?name=Alona&age=32&salary=1000,128,0,63
1673704027418,134,/object_info_4,200,OK,Group_31 1-33,text,true,,237,166,17,17,http://162.55.220.72:5005/object_info_4?name=Alona&age=32&salary=1000,134,0,66
1673704027420,134,/get_method,200,OK,Group_31 1-47,text,true,,169,151,16,16,http://162.55.220.72:5005/get_method?name=Alona&age=32,134,0,64
1673704027430,134,/object_info_3,200,OK,Group_31 1-36,text,true,,525,166,16,16,http://162.55.220.72:5005/object_info_3?name=Alona&age=32&salary=1000,134,0,63
1673704027429,137,/user_info_2,200,OK,Group_31 1-45,text,true,,464,248,16,16,http://162.55.220.72:5005/user_info_2,136,0,64
1673704027440,127,/object_info_4,200,OK,Group_31 1-34,text,true,,237,166,16,16,http://162.55.220.72:5005/object_info_4?name=Alona&age=32&salary=1000,127,0,62
1673704027456,131,/user_info_3,200,OK,Group_31 1-43,text,true,,370,248,15,15,http://162.55.220.72:5005/user_info_3,131,0,62
1673704027462,126,/object_info_1,200,OK,Group_31 1-41,text,true,,230,164,15,15,http://162.55.220.72:5005/object_info_1?name=Alona&age=32&weight=60,126,0,61
1673704027464,130,/object_info_2,200,OK,Group_31 1-39,text,true,,464,166,15,15,http://162.55.220.72:5005/object_info_2?name=Alona&age=32&salary=1000,130,0,62
1673704027480,132,/get_method,200,OK,Group_31 1-48,text,true,,169,151,16,16,http://162.55.220.72:5005/get_method?name=Alona&age=32,132,0,68
1673704027491,128,/user_info_2,200,OK,Group_31 1-46,text,true,,464,248,16,16,http://162.55.220.72:5005/user_info_2,128,0,63
1673704027494,132,/user_info_3,200,OK,Group_31 1-44,text,true,,370,248,16,16,http://162.55.220.72:5005/user_info_3,131,0,66
1673704027505,134,/object_info_4,200,OK,Group_31 1-35,text,true,,237,166,16,16,http://162.55.220.72:5005/object_info_4?name=Alona&age=32&salary=1000,133,0,67
1673704027510,131,/object_info_3,200,OK,Group_31 1-37,text,true,,525,166,15,15,http://162.55.220.72:5005/object_info_3?name=Alona&age=32&salary=1000,130,0,63
1673704027535,125,/object_info_1,200,OK,Group_31 1-42,text,true,,230,164,15,15,http://162.55.220.72:5005/object_info_1?name=Alona&age=32&weight=60,124,0,62
1673704027540,126,/get_method,200,OK,Group_31 1-49,text,true,,169,151,15,15,http://162.55.220.72:5005/get_method?name=Alona&age=32,126,0,62
1673704027543,128,/object_info_2,200,OK,Group_31 1-40,text,true,,464,166,15,15,http://162.55.220.72:5005/object_info_2?name=Alona&age=32&salary=1000,128,0,63
1673704027543,131,/object_info_3,200,OK,Group_31 1-38,text,true,,525,166,15,15,http://162.55.220.72:5005/object_info_3?name=Alona&age=32&salary=1000,131,0,64
1673704027554,130,/user_info_2,200,OK,Group_31 1-47,text,true,,464,248,15,15,http://162.55.220.72:5005/user_info_2,129,0,63
1673704027564,129,/object_info_4,200,OK,Group_31 1-36,text,true,,237,166,15,15,http://162.55.220.72:5005/object_info_4?name=Alona&age=32&salary=1000,128,0,63
1673704027566,128,/user_info_3,200,OK,Group_31 1-45,text,true,,370,248,14,14,http://162.55.220.72:5005/user_info_3,128,0,65
1673704027641,125,/object_info_4,200,OK,Group_31 1-37,text,true,,237,166,14,14,http://162.55.220.72:5005/object_info_4?name=Alona&age=32&salary=1000,124,0,61
1673704027612,143,/user_info_2,200,OK,Group_31 1-48,text,true,,464,248,14,14,http://162.55.220.72:5005/user_info_2,143,0,64
1673704027626,130,/object_info_1,200,OK,Group_31 1-44,text,true,,230,164,14,14,http://162.55.220.72:5005/object_info_1?name=Alona&age=32&weight=60,130,0,63
1673704027660,131,/object_info_2,200,OK,Group_31 1-42,text,true,,464,166,14,14,http://162.55.220.72:5005/object_info_2?name=Alona&age=32&salary=1000,131,0,65
1673704027619,136,/user_info_3,200,OK,Group_31 1-46,text,true,,370,248,14,14,http://162.55.220.72:5005/user_info_3,136,0,61
1673704027601,131,/get_method,200,OK,Group_31 1-50,text,true,,169,151,14,14,http://162.55.220.72:5005/get_method?name=Alona&age=32,130,0,61
1673704027588,137,/object_info_1,200,OK,Group_31 1-43,text,true,,230,164,14,14,http://162.55.220.72:5005/object_info_1?name=Alona&age=32&weight=60,136,0,61
1673704027594,131,/object_info_3,200,OK,Group_31 1-39,text,true,,525,166,14,14,http://162.55.220.72:5005/object_info_3?name=Alona&age=32&salary=1000,131,0,62
1673704027589,136,/object_info_2,200,OK,Group_31 1-41,text,true,,464,166,14,14,http://162.55.220.72:5005/object_info_2?name=Alona&age=32&salary=1000,135,0,61
1673704027667,137,/user_info_2,200,OK,Group_31 1-49,text,true,,464,248,13,13,http://162.55.220.72:5005/user_info_2,137,0,66
1673704027674,132,/object_info_4,200,OK,Group_31 1-38,text,true,,237,166,13,13,http://162.55.220.72:5005/object_info_4?name=Alona&age=32&salary=1000,132,0,62
1673704027671,137,/object_info_3,200,OK,Group_31 1-40,text,true,,525,166,12,12,http://162.55.220.72:5005/object_info_3?name=Alona&age=32&salary=1000,136,0,63
1673704027684,138,/user_info_3,200,OK,Group_31 1-47,text,true,,370,248,12,12,http://162.55.220.72:5005/user_info_3,138,0,72
1673704027695,131,/object_info_1,200,OK,Group_31 1-45,text,true,,230,164,12,12,http://162.55.220.72:5005/object_info_1?name=Alona&age=32&weight=60,131,0,61
1673704027794,131,/user_info_3,200,OK,Group_31 1-48,text,true,,370,248,12,12,http://162.55.220.72:5005/user_info_3,131,0,61
1673704027794,138,/object_info_3,200,OK,Group_31 1-42,text,true,,525,166,12,12,http://162.55.220.72:5005/object_info_3?name=Alona&age=32&salary=1000,138,0,63
1673704027795,139,/object_info_1,200,OK,Group_31 1-46,text,true,,230,164,12,12,http://162.55.220.72:5005/object_info_1?name=Alona&age=32&weight=60,139,0,63
1673704027794,146,/object_info_2,200,OK,Group_31 1-44,text,true,,464,166,12,12,http://162.55.220.72:5005/object_info_2?name=Alona&age=32&salary=1000,146,0,67
1673704027795,148,/object_info_4,200,OK,Group_31 1-39,text,true,,237,166,12,12,http://162.55.220.72:5005/object_info_4?name=Alona&age=32&salary=1000,148,0,66
1673704027795,150,/object_info_2,200,OK,Group_31 1-43,text,true,,464,166,11,11,http://162.55.220.72:5005/object_info_2?name=Alona&age=32&salary=1000,149,0,67
1673704027795,154,/object_info_3,200,OK,Group_31 1-41,text,true,,525,166,11,11,http://162.55.220.72:5005/object_info_3?name=Alona&age=32&salary=1000,154,0,70
1673704027808,143,/object_info_4,200,OK,Group_31 1-40,text,true,,237,166,11,11,http://162.55.220.72:5005/object_info_4?name=Alona&age=32&salary=1000,142,0,63
1673704027822,132,/object_info_1,200,OK,Group_31 1-47,text,true,,230,164,10,10,http://162.55.220.72:5005/object_info_1?name=Alona&age=32&weight=60,132,0,61
1673704027827,129,/object_info_2,200,OK,Group_31 1-45,text,true,,464,166,10,10,http://162.55.220.72:5005/object_info_2?name=Alona&age=32&salary=1000,129,0,60
1673704027926,128,/object_info_1,200,OK,Group_31 1-48,text,true,,230,164,10,10,http://162.55.220.72:5005/object_info_1?name=Alona&age=32&weight=60,128,0,61
1673704027935,128,/object_info_2,200,OK,Group_31 1-46,text,true,,464,166,10,10,http://162.55.220.72:5005/object_info_2?name=Alona&age=32&salary=1000,128,0,61
1673704027933,130,/object_info_4,200,OK,Group_31 1-42,text,true,,237,166,10,10,http://162.55.220.72:5005/object_info_4?name=Alona&age=32&salary=1000,130,0,63
1673704027941,128,/object_info_3,200,OK,Group_31 1-44,text,true,,525,166,9,9,http://162.55.220.72:5005/object_info_3?name=Alona&age=32&salary=1000,127,0,62
1673704027945,125,/object_info_3,200,OK,Group_31 1-43,text,true,,525,166,9,9,http://162.55.220.72:5005/object_info_3?name=Alona&age=32&salary=1000,125,0,60
1673704027949,127,/object_info_4,200,OK,Group_31 1-41,text,true,,237,166,9,9,http://162.55.220.72:5005/object_info_4?name=Alona&age=32&salary=1000,127,0,62
1673704027955,124,/object_info_2,200,OK,Group_31 1-47,text,true,,464,166,8,8,http://162.55.220.72:5005/object_info_2?name=Alona&age=32&salary=1000,123,0,61
1673704027956,125,/object_info_3,200,OK,Group_31 1-45,text,true,,525,166,8,8,http://162.55.220.72:5005/object_info_3?name=Alona&age=32&salary=1000,125,0,63
1673704028055,128,/object_info_2,200,OK,Group_31 1-48,text,true,,464,166,8,8,http://162.55.220.72:5005/object_info_2?name=Alona&age=32&salary=1000,128,0,62
1673704028064,126,/object_info_3,200,OK,Group_31 1-46,text,true,,525,166,8,8,http://162.55.220.72:5005/object_info_3?name=Alona&age=32&salary=1000,126,0,62
1673704028070,127,/object_info_4,200,OK,Group_31 1-44,text,true,,237,166,8,8,http://162.55.220.72:5005/object_info_4?name=Alona&age=32&salary=1000,126,0,61
1673704028071,130,/object_info_4,200,OK,Group_31 1-43,text,true,,237,166,7,7,http://162.55.220.72:5005/object_info_4?name=Alona&age=32&salary=1000,130,0,63
1673704028082,124,/object_info_4,200,OK,Group_31 1-45,text,true,,237,166,6,6,http://162.55.220.72:5005/object_info_4?name=Alona&age=32&salary=1000,124,0,60
1673704028079,127,/object_info_3,200,OK,Group_31 1-47,text,true,,525,166,6,6,http://162.55.220.72:5005/object_info_3?name=Alona&age=32&salary=1000,127,0,61
1673704028184,123,/object_info_3,200,OK,Group_31 1-48,text,true,,525,166,5,5,http://162.55.220.72:5005/object_info_3?name=Alona&age=32&salary=1000,122,0,60
1673704028191,130,/object_info_4,200,OK,Group_31 1-46,text,true,,237,166,5,5,http://162.55.220.72:5005/object_info_4?name=Alona&age=32&salary=1000,129,0,68
1673704028206,121,/object_info_4,200,OK,Group_31 1-47,text,true,,237,166,4,4,http://162.55.220.72:5005/object_info_4?name=Alona&age=32&salary=1000,121,0,60
1673704027805,526,/user_info_3,200,OK,Group_31 1-49,text,true,,370,248,3,3,http://162.55.220.72:5005/user_info_3,526,0,63
1673704027795,564,/user_info_2,200,OK,Group_31 1-50,text,true,,464,248,3,3,http://162.55.220.72:5005/user_info_2,564,0,70
1673704028307,122,/object_info_4,200,OK,Group_31 1-48,text,true,,237,166,3,3,http://162.55.220.72:5005/object_info_4?name=Alona&age=32&salary=1000,121,0,60
1673704028332,123,/object_info_1,200,OK,Group_31 1-49,text,true,,230,164,2,2,http://162.55.220.72:5005/object_info_1?name=Alona&age=32&weight=60,122,0,59
1673704028360,124,/user_info_3,200,OK,Group_31 1-50,text,true,,370,248,2,2,http://162.55.220.72:5005/user_info_3,124,0,61
1673704028455,126,/object_info_2,200,OK,Group_31 1-49,text,true,,464,166,2,2,http://162.55.220.72:5005/object_info_2?name=Alona&age=32&salary=1000,125,0,60
1673704028485,127,/object_info_1,200,OK,Group_31 1-50,text,true,,230,164,2,2,http://162.55.220.72:5005/object_info_1?name=Alona&age=32&weight=60,126,0,62
1673704028581,126,/object_info_3,200,OK,Group_31 1-49,text,true,,525,166,2,2,http://162.55.220.72:5005/object_info_3?name=Alona&age=32&salary=1000,126,0,62
1673704028612,126,/object_info_2,200,OK,Group_31 1-50,text,true,,464,166,2,2,http://162.55.220.72:5005/object_info_2?name=Alona&age=32&salary=1000,126,0,63
1673704028708,135,/object_info_4,200,OK,Group_31 1-49,text,true,,237,166,2,2,http://162.55.220.72:5005/object_info_4?name=Alona&age=32&salary=1000,135,0,70
1673704028794,130,/object_info_3,200,OK,Group_31 1-50,text,true,,525,166,1,1,http://162.55.220.72:5005/object_info_3?name=Alona&age=32&salary=1000,130,0,66
1673704028925,128,/object_info_4,200,OK,Group_31 1-50,text,true,,237,166,1,1,http://162.55.220.72:5005/object_info_4?name=Alona&age=32&salary=1000,128,0,62
